{"itemGroup.botanypots":"植物鉢","block.botanypots.botany_pot":"植物鉢","block.botanypots.white_botany_pot":"白色の植物鉢","block.botanypots.orange_botany_pot":"橙色の植物鉢","block.botanypots.magenta_botany_pot":"赤紫色の植物鉢","block.botanypots.light_blue_botany_pot":"空色の植物鉢","block.botanypots.yellow_botany_pot":"黄色の植物鉢","block.botanypots.lime_botany_pot":"黄緑色の植物鉢","block.botanypots.pink_botany_pot":"桃色の植物鉢","block.botanypots.gray_botany_pot":"灰色の植物鉢","block.botanypots.light_gray_botany_pot":"薄灰色の植物鉢","block.botanypots.cyan_botany_pot":"青緑色の植物鉢","block.botanypots.purple_botany_pot":"紫色の植物鉢","block.botanypots.blue_botany_pot":"青色の植物鉢","block.botanypots.brown_botany_pot":"茶色の植物鉢","block.botanypots.green_botany_pot":"緑色の植物鉢","block.botanypots.red_botany_pot":"赤色の植物鉢","block.botanypots.black_botany_pot":"黒色の植物鉢","block.botanypots.hopper_botany_pot":"ホッパー付き植物鉢","block.botanypots.hopper_white_botany_pot":"白色のホッパー付き植物鉢","block.botanypots.hopper_orange_botany_pot":"橙色のホッパー付き植物鉢","block.botanypots.hopper_magenta_botany_pot":"赤紫色のホッパー付き植物鉢","block.botanypots.hopper_light_blue_botany_pot":"空色のホッパー付き植物鉢","block.botanypots.hopper_yellow_botany_pot":"黄色のホッパー付き植物鉢","block.botanypots.hopper_lime_botany_pot":"黄緑色のホッパー付き植物鉢","block.botanypots.hopper_pink_botany_pot":"桃色のホッパー付き植物鉢","block.botanypots.hopper_gray_botany_pot":"灰色のホッパー付き植物鉢","block.botanypots.hopper_light_gray_botany_pot":"薄灰色のホッパー付き植物鉢","block.botanypots.hopper_cyan_botany_pot":"青緑色のホッパー付き植物鉢","block.botanypots.hopper_purple_botany_pot":"紫色のホッパー付き植物鉢","block.botanypots.hopper_blue_botany_pot":"青色のホッパー付き植物鉢","block.botanypots.hopper_brown_botany_pot":"茶色のホッパー付き植物鉢","block.botanypots.hopper_green_botany_pot":"緑色のホッパー付き植物鉢","block.botanypots.hopper_red_botany_pot":"赤色のホッパー付き植物鉢","block.botanypots.hopper_black_botany_pot":"黒色のホッパー付き植物鉢","botanypots.tooltip.growth_progress":"成長:%d%%","botanypots.tooltip.growth_time":"成長時間:%s","botanypots.tooltip.crop":"作物:%s","botanypots.tooltip.soil":"土壌:%s","botanypots.tooltip.crop.id":"作物ID:%s","botanypots.tooltip.crop.ticks":"成長tick:%s","botanypots.tooltip.crop.categories":"作物カテゴリ:%s","botanypots.tooltip.soil.id":"土壌ID:%s","botanypots.tooltip.soil.modifier":"土壌成長倍率:%s","botanypots.tooltip.soil.categories":"土壌カテゴリ:%s","botanypots.tooltip.pot.totalticks":"合計Tick:%d","botanypots.tooltip.pot.growticks":"成長Tick:%d","botanypots.tooltip.pot.normal":"いろいろな植物を育てることができる小型の鉢。","botanypots.tooltip.pot.hopper":"いろいろな植物を育てることができる小型の鉢。自動的に作物を収穫し、下のインベントリに収納します。","botanypots.tooltip.advanced.seed_item":"植物鉢の種","botanypots.tooltip.jei.growthrate":"成長率:%d (%s)","botanypots.tooltip.jei.growthmodifier":"成長倍率:%d (%s)","botanypots.tooltip.jei.dropchance":"確率:%d%%","botanypots.tooltip.jei.rolls":"ロール回数:%d","botanypots.tooltip.jei.rollrange":"ロール回数:%d - %d","botanypots.title":"植物鉢","advancements.botany_pots.get_pot.title":"伸ばせ!","advancements.botany_pots.get_pot.description":"植物鉢を手に入れる","advancements.botany_pots.get_hopper_pot.title":"跳ねる鉢?","advancements.botany_pots.get_hopper_pot.description":"ホッパー付き植物鉢を手に入れる","__comment-crt":"CraftTweakerのサポート","botanypots.log.crt.dump":"crafttweaker.logに%dエントリーのリストを出力しました。"}